 
{
    "X": [0.2, 0.19989930847663703, 0.1995973352943769, 0.19909438451461692, 0.19839096256615907, 0.19748777773527887, 0.19638573945254134, 0.19508595737708143, 0.19358974027927126, 0.1918985947228995, 0.1900142235481891, 0.1879385241571817, 0.18567358660321454, 0.18322169148641393, 0.18058530765732425, 0.1777670897309847, 0.17476987541395703, 0.17159668264699546, 0.16825070656623622, 0.16473531628596658, 0.16105405150621177, 0.15721061894855748, 0.1532088886237956, 0.14905288993515095, 0.14474680762101408, 0.14029497754126424, 0.13570188231142644, 0.13097214678905705, 0.12611053341690448, 0.12112193742753333, 0.11601138191423965, 0.11078401277322208, 0.10544509352210055, 0.09999999999999999, 0.09445421495453656, 0.08881332252115479, 0.08308300260037726, 0.07726902513862573, 0.07137724431837439, 0.06541359266348437, 0.059384075065655045, 0.05329476273800701, 0.04715178710188547, 0.0409613336130381, 0.03472963553338606, 0.028462967654657036, 0.022167639980202235, 0.015849991371357744, 0.009516383164748449, 0.0031731927669615984, -0.0031731927669616383, -0.009516383164748489, -0.0158499913713577, -0.022167639980202186, -0.028462967654656987, -0.034729635533386004, -0.04096133361303814, -0.047151787101885424, -0.05329476273800704, -0.059384075065655, -0.06541359266348433, -0.07137724431837435, -0.07726902513862569, -0.08308300260037722, -0.08881332252115481, -0.09445421495453651, -0.10000000000000003, -0.1054450935221005, -0.11078401277322206, -0.11601138191423961, -0.12112193742753335, -0.1261105334169045, -0.130972146789057, -0.1357018823114264, -0.14029497754126427, -0.14474680762101405, -0.14905288993515092, -0.15320888862379559, -0.15721061894855748, -0.16105405150621177, -0.1647353162859665, -0.16825070656623625, -0.17159668264699543, -0.174769875413957, -0.17776708973098468, -0.18058530765732422, -0.18322169148641398, -0.1856735866032145, -0.1879385241571817, -0.1900142235481891, -0.1918985947228995, -0.19358974027927126, -0.19508595737708143, -0.19638573945254137, -0.19748777773527887, -0.19839096256615907, -0.19909438451461692, -0.1995973352943769, -0.19989930847663703, -0.2],
    "Y": [2.4492935982947065e-17, -0.012684783931312919, -0.025318490714749828, -0.037850248872082055, -0.0502295974362158, -0.06240668913969743, -0.07433249113206547, -0.08595898241783433, -0.0972393472200937, -0.10812816349111952, -0.11858158581092806, -0.12855752193730785, -0.13801580229642238, -0.14691834173150664, -0.1552292928583514, -0.16291519041006713, -0.16994508598990285, -0.17629067268951637, -0.1819263990709037, -0.18682957205302134, -0.19098044828881477, -0.19436231366470835, -0.1969615506024416, -0.19876769289225082, -0.1997734678366016, -0.19997482553477502, -0.1993709551903885, -0.19796428837618657, -0.19576048924295575, -0.19276843171198843, -0.1890001637429337, -0.1844708588209163, -0.17919875485826722, -0.17320508075688773, -0.1665139709269543, -0.15915236810616637, -0.15114991487085164, -0.14253883427577257, -0.13335380010325834, -0.1236317972441211, -0.11341197277255427, -0.10273547831468129, -0.09164530434548213, -0.08018610708132268, -0.06840402866513372, -0.05634651136828596, -0.04406210655730819, -0.03160027919467009, -0.019011208660836512, -0.006345586699613557, 0.0063455866996136355, 0.019011208660836592, 0.03160027919466999, 0.04406210655730809, 0.05634651136828586, 0.06840402866513362, 0.08018610708132273, 0.09164530434548204, 0.10273547831468136, 0.11341197277255417, 0.12363179724412104, 0.13335380010325829, 0.1425388342757725, 0.15114991487085158, 0.15915236810616643, 0.16651397092695425, 0.17320508075688779, 0.1791987548582672, 0.1844708588209163, 0.18900016374293369, 0.19276843171198843, 0.19576048924295575, 0.19796428837618654, 0.19937095519038847, 0.19997482553477502, 0.1997734678366016, 0.19876769289225082, 0.19696155060244164, 0.19436231366470838, 0.19098044828881475, 0.18682957205302142, 0.18192639907090366, 0.1762906726895164, 0.1699450859899029, 0.1629151904100672, 0.15522929285835144, 0.14691834173150653, 0.13801580229642257, 0.12855752193730782, 0.11858158581092806, 0.10812816349111952, 0.0972393472200938, 0.08595898241783441, 0.07433249113206532, 0.0624066891396976, 0.05022959743621574, 0.03785024887208198, 0.02531849071474983, 0.01268478393131293, 7.347880794884119e-17],
    "Z": [0.0, 0.0, 0.0, 0.0, 0.0, 0.0, 0.0, 0.0, 0.0, 0.0, 0.0, 0.0, 0.0, 0.0, 0.0, 0.0, 0.0, 0.0, 0.0, 0.0, 0.0, 0.0, 0.0, 0.0, 0.0, 0.0, 0.0, 0.0, 0.0, 0.0, 0.0, 0.0, 0.0, 0.0, 0.0, 0.0, 0.0, 0.0, 0.0, 0.0, 0.0, 0.0, 0.0, 0.0, 0.0, 0.0, 0.0, 0.0, 0.0, 0.0, 0.0, 0.0, 0.0, 0.0, 0.0, 0.0, 0.0, 0.0, 0.0, 0.0, 0.0, 0.0, 0.0, 0.0, 0.0, 0.0, 0.0, 0.0, 0.0, 0.0, 0.0, 0.0, 0.0, 0.0, 0.0, 0.0, 0.0, 0.0, 0.0, 0.0, 0.0, 0.0, 0.0, 0.0, 0.0, 0.0, 0.0, 0.0, 0.0, 0.0, 0.0, 0.0, 0.0, 0.0, 0.0, 0.0, 0.0, 0.0, 0.0, 0.0],
    "quat_X": [1.0, 1.0, 1.0, 1.0, 1.0, 1.0, 1.0, 1.0, 1.0, 1.0, 1.0, 1.0, 1.0, 1.0, 1.0, 1.0, 1.0, 1.0, 1.0, 1.0, 1.0, 1.0, 1.0, 1.0, 1.0, 1.0, 1.0, 1.0, 1.0, 1.0, 1.0, 1.0, 1.0, 1.0, 1.0, 1.0, 1.0, 1.0, 1.0, 1.0, 1.0, 1.0, 1.0, 1.0, 1.0, 1.0, 1.0, 1.0, 1.0, 1.0, 1.0, 1.0, 1.0, 1.0, 1.0, 1.0, 1.0, 1.0, 1.0, 1.0, 1.0, 1.0, 1.0, 1.0, 1.0, 1.0, 1.0, 1.0, 1.0, 1.0, 1.0, 1.0, 1.0, 1.0, 1.0, 1.0, 1.0, 1.0, 1.0, 1.0, 1.0, 1.0, 1.0, 1.0, 1.0, 1.0, 1.0, 1.0, 1.0, 1.0, 1.0, 1.0, 1.0, 1.0, 1.0, 1.0, 1.0, 1.0, 1.0, 1.0],
    "quat_Y": [0.0, 0.0, 0.0, 0.0, 0.0, 0.0, 0.0, 0.0, 0.0, 0.0, 0.0, 0.0, 0.0, 0.0, 0.0, 0.0, 0.0, 0.0, 0.0, 0.0, 0.0, 0.0, 0.0, 0.0, 0.0, 0.0, 0.0, 0.0, 0.0, 0.0, 0.0, 0.0, 0.0, 0.0, 0.0, 0.0, 0.0, 0.0, 0.0, 0.0, 0.0, 0.0, 0.0, 0.0, 0.0, 0.0, 0.0, 0.0, 0.0, 0.0, 0.0, 0.0, 0.0, 0.0, 0.0, 0.0, 0.0, 0.0, 0.0, 0.0, 0.0, 0.0, 0.0, 0.0, 0.0, 0.0, 0.0, 0.0, 0.0, 0.0, 0.0, 0.0, 0.0, 0.0, 0.0, 0.0, 0.0, 0.0, 0.0, 0.0, 0.0, 0.0, 0.0, 0.0, 0.0, 0.0, 0.0, 0.0, 0.0, 0.0, 0.0, 0.0, 0.0, 0.0, 0.0, 0.0, 0.0, 0.0, 0.0, 0.0],
    "quat_Z": [0.0, 0.0, 0.0, 0.0, 0.0, 0.0, 0.0, 0.0, 0.0, 0.0, 0.0, 0.0, 0.0, 0.0, 0.0, 0.0, 0.0, 0.0, 0.0, 0.0, 0.0, 0.0, 0.0, 0.0, 0.0, 0.0, 0.0, 0.0, 0.0, 0.0, 0.0, 0.0, 0.0, 0.0, 0.0, 0.0, 0.0, 0.0, 0.0, 0.0, 0.0, 0.0, 0.0, 0.0, 0.0, 0.0, 0.0, 0.0, 0.0, 0.0, 0.0, 0.0, 0.0, 0.0, 0.0, 0.0, 0.0, 0.0, 0.0, 0.0, 0.0, 0.0, 0.0, 0.0, 0.0, 0.0, 0.0, 0.0, 0.0, 0.0, 0.0, 0.0, 0.0, 0.0, 0.0, 0.0, 0.0, 0.0, 0.0, 0.0, 0.0, 0.0, 0.0, 0.0, 0.0, 0.0, 0.0, 0.0, 0.0, 0.0, 0.0, 0.0, 0.0, 0.0, 0.0, 0.0, 0.0, 0.0, 0.0, 0.0],
    "quat_W": [0.0, 0.0, 0.0, 0.0, 0.0, 0.0, 0.0, 0.0, 0.0, 0.0, 0.0, 0.0, 0.0, 0.0, 0.0, 0.0, 0.0, 0.0, 0.0, 0.0, 0.0, 0.0, 0.0, 0.0, 0.0, 0.0, 0.0, 0.0, 0.0, 0.0, 0.0, 0.0, 0.0, 0.0, 0.0, 0.0, 0.0, 0.0, 0.0, 0.0, 0.0, 0.0, 0.0, 0.0, 0.0, 0.0, 0.0, 0.0, 0.0, 0.0, 0.0, 0.0, 0.0, 0.0, 0.0, 0.0, 0.0, 0.0, 0.0, 0.0, 0.0, 0.0, 0.0, 0.0, 0.0, 0.0, 0.0, 0.0, 0.0, 0.0, 0.0, 0.0, 0.0, 0.0, 0.0, 0.0, 0.0, 0.0, 0.0, 0.0, 0.0, 0.0, 0.0, 0.0, 0.0, 0.0, 0.0, 0.0, 0.0, 0.0, 0.0, 0.0, 0.0, 0.0, 0.0, 0.0, 0.0, 0.0, 0.0, 0.0]
} 
