 
{
    "X": [0.0, 0.0, -0.35, -0.35],
    "Y": [0.0, 0.0, 0.0, 0.0],
    "Z": [0.0, -0.35, -0.35, 0.0],
    "quat_X": [1.0, 1.0, 0.7071067811865475, 0.7071067811865475],
    "quat_Y": [0.0, 0.0, 0.0, 0.0],
    "quat_Z": [0.0, 0.0, -0.7071067811865475, -0.7071067811865475],
    "quat_W": [0.0, 0.0, 0.0, 0.0]
} 
