 
{
    "X": [0.0, 0.0, 0.0, 0.0, 0.0, 0.0, 0.0, 0.0, 0.0, 0.0, 0.0, 0.0, 0.0, 0.0, 0.0, 0.0, 0.0, 0.0, 0.0, 0.0, 0.0, 0.0, 0.0, 0.0, 0.0, 0.0, 0.0, 0.0, 0.0, 0.0, 0.0, 0.0, 0.0, 0.0, 0.0, 0.0, 0.0, 0.0, 0.0, 0.0, 0.0, 0.0, 0.0, 0.0, 0.0, 0.0, 0.0, 0.0, 0.0, 0.0, 0.0, 0.0, 0.0, 0.0, 0.0, 0.0, 0.0, 0.0, 0.0, 0.0, 0.0, 0.0, 0.0, 0.0, 0.0, 0.0, 0.0, 0.0, 0.0, 0.0, 0.0, 0.0, 0.0, 0.0, 0.0, 0.0, 0.0, 0.0, 0.0, 0.0, 0.0, 0.0, 0.0, 0.0, 0.0, 0.0, 0.0, 0.0, 0.0, 0.0, 0.0, 0.0, 0.0, 0.0, 0.0, 0.0, 0.0, 0.0, 0.0, 0.0],
    "Y": [3.6739403974420595e-17, -0.037977736072124735, -0.0753443961543237, -0.1114987366980982, -0.14585902083014055, -0.17787237871639208, -0.20702370344463353, -0.23284393928752706, -0.25491762898485426, -0.27288959860635553, -0.2864706724332221, -0.2954423259036624, -0.2996602017549024, -0.2990564327855827, -0.29364073386443357, -0.28350024561440057, -0.2687981322874008, -0.2497709563904314, -0.22672487230627744, -0.20003070015488753, -0.17011795915883138, -0.1374679565182232, -0.10260604299770058, -0.06609315983596227, -0.028516812991254768, 0.009518380049420452, 0.04740041879200498, 0.08451976705242878, 0.1202791606219841, 0.15410321747202202, 0.18544769586618154, 0.21380825141365875, 0.23872855215924962, 0.2598076211353316, 0.2767062882313744, 0.28915264756798265, 0.29694643256427977, 0.2999622383021625, 0.29815153933837624, 0.29154347049706253, 0.28024435807953213, 0.26443600903427456, 0.24437278561510078, 0.2203775125972598, 0.1928362829059617, 0.16219224523667927, 0.1289384736267516, 0.0936100337095464, 0.05677537330812296, 0.01902717589696939, -0.019027175896969704, -0.05677537330812326, -0.0936100337095462, -0.1289384736267514, -0.1621922452366791, -0.1928362829059615, -0.22037751259726, -0.24437278561510065, -0.2644360090342747, -0.2802443580795321, -0.2915434704970625, -0.29815153933837624, -0.2999622383021625, -0.2969464325642799, -0.28915264756798265, -0.27670628823137444, -0.25980762113533146, -0.2387285521592496, -0.21380825141365892, -0.1854476958661817, -0.15410321747202174, -0.12027916062198406, -0.084519767052429, -0.0474004187920052, -0.00951838004942014, 0.028516812991254813, 0.06609315983596206, 0.10260604299770036, 0.13746795651822322, 0.17011795915883118, 0.20003070015488736, 0.22672487230627764, 0.24977095639043145, 0.26879813228740074, 0.28350024561440046, 0.2936407338644336, 0.2990564327855827, 0.2996602017549024, 0.2954423259036625, 0.2864706724332221, 0.2728895986063555, 0.25491762898485437, 0.2328439392875272, 0.2070237034446335, 0.17787237871639214, 0.14585902083014074, 0.11149873669809804, 0.07534439615432366, 0.03797773607212482, 1.83697019872103e-16],
    "Z": [0.3, 0.2993960029415653, 0.2975864438492386, 0.294578609178812, 0.29038461041890684, 0.28502133532228363, 0.2785103799048218, 0.27087796148598636, 0.2621548131209355, 0.2523760598493543, 0.2415810772593176, 0.2298133329356934, 0.21712021143152108, 0.20355282346713965, 0.18916580012535672, 0.17401707287135948, 0.1581676402831508, 0.1416813224318048, 0.1246245039005659, 0.10706586647756158, 0.08907611259848255, 0.07072768065282821, 0.05209445330007908, 0.03325145997030335, 0.014274574747122673, -0.0047597891504424575, -0.023774987057036543, -0.042694451481985474, -0.061442000419557205, -0.07994214410701056, -0.09812038899522647, -0.11590353770793851, -0.13321998378173222, -0.15000000000000002, -0.16617601915983307, -0.1816829061413, -0.1964582201835855, -0.21044246631189642, -0.22357933490272636, -0.23581592842283616, -0.24710297442894974, -0.25739502397049313, -0.266650634596477, -0.2748325372296209, -0.2819077862357725, -0.2878478920843492, -0.2926289360656221, -0.2962316666029183, -0.2986415767719254, -0.29984896271495554, -0.29984896271495554, -0.2986415767719254, -0.2962316666029183, -0.2926289360656221, -0.28784789208434924, -0.28190778623577256, -0.27483253722962087, -0.2666506345964771, -0.257395023970493, -0.24710297442894977, -0.23581592842283625, -0.22357933490272647, -0.21044246631189648, -0.19645822018358566, -0.1816829061413, -0.16617601915983313, -0.14999999999999988, -0.1332199837817322, -0.11590353770793861, -0.09812038899522658, -0.07994214410701041, -0.06144200041955718, -0.04269445148198559, -0.023774987057036654, -0.004759789150442301, 0.014274574747122695, 0.03325145997030324, 0.052094453300078974, 0.07072768065282822, 0.08907611259848244, 0.10706586647756149, 0.12462450390056602, 0.14168132243180484, 0.1581676402831507, 0.17401707287135937, 0.1891658001253568, 0.20355282346713968, 0.21712021143152102, 0.22981333293569334, 0.2415810772593176, 0.25237605984935435, 0.2621548131209354, 0.2708779614859863, 0.2785103799048218, 0.2850213353222836, 0.29038461041890684, 0.294578609178812, 0.2975864438492386, 0.2993960029415653, 0.3]
} 
